Address,Long,Lat
"2603 Fruitvale Ave
Oakland, CA 94601",-122.220656,37.789534
"1141 Triton Ave
Foster City, CA 94404",-122.271075,37.563891
"35 Skyline Plz
Daly City, CA 94015",-122.487724,37.682616
"553 El Camino Real
South San Francisco, CA 94080",-122.429106,37.647242
"728 Geary St
San Francisco, CA 94109",-122.415333,37.786643
"15099 Hesperian Blvd. Ste C
San Leandro, CA 94578",-122.130773,37.702541
"1211 Tara Hills Road
Pinole, CA 94564",-122.305208,37.995498
"1355 Market St San Francisco, CA 94103",-122.416405,37.77679
"390 Hickey Blvd Daly City, CA 94015",-122.46379,37.66363
"525 El Camino Real  Millbrae, CA 94030",-122.394102,37.603374
"1335 Webster St San Francisco, CA 94115",-122.431496,37.782742
"34 3rd St San Francisco, CA 94103",-122.403208,37.786988
"850 La Playa St San Francisco, CA 94121",-122.509427,37.772355
"2350 Noriega St San Francisco, CA 94122",-122.488805,37.754195
"298 King St San Francisco, CA 94107",-122.394109,37.776667
"2300 16th St STE 203  San Francisco, CA 94103",-122.409195,37.766942
"4950 Mission St San Francisco, CA 94112",-122.438977,37.719935
NA,0,0
"77 Van Ness Ave, 101, San Francisco, CA, 94102-6093",-122.419852,37.776066
"455 Golden Gate Ave, San Francisco, CA, 94102",-122.418062,37.781114
"5000 Forbes Ave, Pittsburgh, PA 15213",-79.943457,40.443466
"196 Broadway, New York, NY 10038",-74.009385,40.710496
"18 E 14th St, New York, NY 10003",-73.992855,40.73529
"3111 N State Road 7 Margate, FL 33063",-80.203877,26.26881