id,size,weight (in lb),from_user,to_user,from_swapbox,to_swapbox,from_address,to_address
1,small,12,5,3,1,7,NA,NA
2,medium,23,-1,10,-1,4,"77 Van Ness Ave, 101, San Francisco, CA, 94102-6093",NA
3,large,30,-1,8,-1,10,"455 Golden Gate Ave, San Francisco, CA, 94102",NA
4,medium,25,7,-1,5,-1,NA,"5000 Forbes Ave, Pittsburgh, PA 15213"
5,small,15,2,4,3,9,NA,NA
6,small,11,4,-1,9,-1,NA,"196 Broadway, New York, NY 10038"
7,large,32,-1,1,-1,2,"18 E 14th St, New York, NY 10003",NA
8,large,33,2,4,2,10,NA,NA
9,medium,21,3,1,7,9,NA,NA
10,large,33,4,-1,5,-1,NA,"3111 N State Road 7 Margate, FL 33063"
11,small,10,1,2,1,3,NA,NA
12,small,11,7,2,7,2,NA,NA
13,small,12,8,2,2,6,NA,NA
14,small,13,4,2,4,3,NA,NA