ID,Capacity,Count,Address
1,30,25,"1355 Market St San Francisco, CA 94103"
2,30,1,"390 Hickey Blvd Daly City, CA 94015"
3,30,30,"525 El Camino Real  Millbrae, CA 94030"
4,25,12,"1335 Webster St San Francisco, CA 94115"
5,30,12,"34 3rd St San Francisco, CA 94103"
6,15,15,"850 La Playa St San Francisco, CA 94121"
7,30,29,"2350 Noriega St San Francisco, CA 94122"
8,30,30,"298 King St San Francisco, CA 94107"
9,10,10,"2300 16th St STE 203  San Francisco, CA 94103"
10,30,16,"4950 Mission St San Francisco, CA 94112"
-1,0,0,NA