id,name,email,phone,gender,address,join_time
1,Bob Smith,bobsmith@gmail.com,4128030244,M,"2603 Fruitvale Ave
Oakland, CA 94601",2016-02-23
2,Mary Johnson,maryjohnson@yahoo.com,4124359306,F,"1141 Triton Ave
Foster City, CA 94404",2015-01-02
3,William Moore,williammoore@hotmail.com,2322346893,M,"35 Skyline Plz
Daly City, CA 94015",2014-10-25
4,Maria Jackson,mariajackson@gmail.com,1789026489,F,"728 Geary St
San Francisco, CA 94109",2014-12-04
5,Thomas White,thomaswhite@gmail.com,2597057402,M,"553 El Camino Real
South San Francisco, CA 94080",2014-05-26
6,Helen Hall,helenhall@andrew.cmu.edu,2208464355,F,"2603 Fruitvale Ave
Oakland, CA 94601",2016-04-08
7,Brian Young,brianyoung@andrew.cmu.edu,1349857322,M,"15099 Hesperian Blvd. Ste C
San Leandro, CA 94578",2015-03-07
8,Michelle Walker,michellewalker@andrew.cmu.edu,9247502223,F,"728 Geary St
San Francisco, CA 94109",2016-09-23
9,Eric Rogers,ericrogers@gmail.com,8109480314,M,"15099 Hesperian Blvd. Ste C
San Leandro, CA 94578",2015-09-22
10,Shirley Cook,shirleycook@yahoo.com,8342954348,F,"1211 Tara Hills Road
Pinole, CA 94564",2016-02-21
-1,NA,NA,NA,M,NA,2016-02-23